id;title;content;create_date;send_userid;send_username;receive_user_count;read_count
1;Solutions Wooden;Borders violet feed;2021-10-19T08:31:57;Quality-focused index FTP;Fantastic sensor Fresh;57718;26265
2;card (Malvinas);solid plug-and-play;2021-10-20T04:42:18;Total Outdoors Brand;navigating indigo Virginia;85313;51655
3;transitional;Nebraska Ergonomic;2021-10-19T11:05:56;Chief;responsive Internal;60368;1288
4;interface synthesize;hacking;2021-10-19T15:42:56;Bermudian Table;Grocery Rustic;23231;68935
5;Peso;Generic brand;2021-10-19T20:13:41;azure;Malta;96396;70244
6;Investment Concrete;payment Kids;2021-10-19T23:54:38;Peso Facilitator;white Sausages;71065;82485
7;Cheese AGP;Global Cambridgeshire;2021-10-20T00:52:20;hack Handcrafted ivory;payment;66493;32854
8;Licensed Bedfordshire deposit;open-source;2021-10-20T03:42:36;Interactions;Afghanistan invoice brand;91862;3591
9;turquoise;Bhutan and experiences;2021-10-20T00:37:06;Music Industrial;navigate Incredible;1419;1971
10;Cuba;Pizza;2021-10-19T13:37:11;Fresh;deposit Table;37031;17733
